,nombre,inicial,mayuscula
0,Samuel Pope,S,SAMUEL POPE
1,Jason Cooper,J,JASON COOPER
2,Jonathan Lee,J,JONATHAN LEE
3,David Johnson,D,DAVID JOHNSON
4,Matthew Martinez,M,MATTHEW MARTINEZ
5,Anne Bates,A,ANNE BATES
6,Howard Miller,H,HOWARD MILLER
7,Tiffany Johnson,T,TIFFANY JOHNSON
8,David Smith,D,DAVID SMITH
9,Ms. Dawn Knapp DDS,M,MS. DAWN KNAPP DDS
10,Daniel Burke,D,DANIEL BURKE
11,David Haas,D,DAVID HAAS
12,Michael Harper,M,MICHAEL HARPER
13,Tonya Wheeler,T,TONYA WHEELER
14,Valerie Ramirez,V,VALERIE RAMIREZ
15,Heather Jones,H,HEATHER JONES
16,Melissa Ramirez,M,MELISSA RAMIREZ
17,Michael White,M,MICHAEL WHITE
18,Mike Johnson,M,MIKE JOHNSON
19,Katelyn Shelton,K,KATELYN SHELTON
20,Stephanie Murphy,S,STEPHANIE MURPHY
21,Jennifer Mcconnell,J,JENNIFER MCCONNELL
22,Holly Pearson,H,HOLLY PEARSON
23,Cassandra Thomas,C,CASSANDRA THOMAS
24,Abigail Martinez,A,ABIGAIL MARTINEZ
25,Brandon Esparza,B,BRANDON ESPARZA
26,Bradley Howard,B,BRADLEY HOWARD
27,Isaac Haas,I,ISAAC HAAS
28,Savannah Williams,S,SAVANNAH WILLIAMS
29,Susan Osborne,S,SUSAN OSBORNE
30,Chelsea Goodwin,C,CHELSEA GOODWIN
31,Eric Koch,E,ERIC KOCH
32,Gina West,G,GINA WEST
33,Julia Collier,J,JULIA COLLIER
34,James Walker,J,JAMES WALKER
35,Steven Williamson,S,STEVEN WILLIAMSON
36,Sally Turner,S,SALLY TURNER
37,James Anderson,J,JAMES ANDERSON
38,Christopher Mendoza,C,CHRISTOPHER MENDOZA
39,Timothy Hogan,T,TIMOTHY HOGAN
40,Dawn Marks,D,DAWN MARKS
41,Tonya Elliott,T,TONYA ELLIOTT
42,Eric Smith,E,ERIC SMITH
43,David Krause MD,D,DAVID KRAUSE MD
44,Shelby Mcdonald,S,SHELBY MCDONALD
45,Brian Swanson MD,B,BRIAN SWANSON MD
46,Megan Hansen,M,MEGAN HANSEN
47,Alexander Caldwell,A,ALEXANDER CALDWELL
48,Crystal Williams,C,CRYSTAL WILLIAMS
49,Stephanie Hicks,S,STEPHANIE HICKS
50,Maria Johnson,M,MARIA JOHNSON
